PARTICIPANT,DAY,Ct,SNP,RUN1,RUN2
432870,1,21.34,A9085G,0.998796,0.999204
432870,1,21.34,C11956T,0.999562,0.999367
432870,1,21.34,C12623T,0.0147206,0.0109745
432870,1,21.34,C14805T,0.999796,0.999094
432870,1,21.34,A18424G,0.999593,0.999763
432870,1,21.34,C21304T,0.999543,0.999251
432870,1,21.34,G24933T,0.10782,0.0896666
432870,1,21.34,C28869T,0.997505,0.9992
444332,2,23.93,T4183C,0.999438,0.9989
444332,2,23.93,G25907T,1,0.999919
449650,1,24.9,C11572T,0.9985,1
449650,1,24.9,G25500A,0.999697,0.999744
435786,3,25.8,C5416T,0.289822,0.331139
435805,9,27.94,A23583T,1,1
