PARTICIPANT,DAY,Ct,SNP,RUN1,RUN2
432870,1,21.34,C12623T,0.0147206,0.0109745
432870,1,21.34,G24933T,0.10782,0.0896666
449650,1,24.9,A11567+T,0.0338503,0.027933
449650,1,24.9,C28253T,0.0320687,0
435786,3,25.8,C5416T,0.289822,0.331139
435805,9,27.94,C635T,0.114064,0.0313364
435805,9,27.94,C28253T,0.281081,0.122039
