SNP,DAY,RUN1,RUN2
C20178T,1,0.0772315,0.0562489
T9481C,3,0.0525257,0.0544617
C20178T,3,0.157866,0.129242
T9481C,5,0.161942,0.150735
