"","POS","REF","ALT","SNP","NASAL_FREQ_1","SALIVA_FREQ_1","NASAL_FREQ_2","SALIVA_FREQ_2","NASAL_FREQ_3","SALIVA_FREQ_3"
"1",5488,"A","G","A5488G","0.059954","0","0.0517579","0","0.0390606","0.0373692"
"2",28262,"G","A","G28262A","0.140972","0.231193","0.0805923","0.182142","0.332498","0.299202"
"3",28262,"G","+AACA","G28262+AACA","0.734723","0.664785","0.849138","0.713261","0.530709","0.587827"
"4",29629,"T","C","T29629C","0.0338371","0","0.0304601","0","0.0368129","0"
"5",6196,"C","T","C6196T","0","0.856883",NA,"0.829834","0","0.661336"
