REGION	POS	REF	ALT	REF_DP	REF_RV	REF_QUAL	ALT_DP	ALT_RV	ALT_QUAL	ALT_FREQ	TOTAL_DP	PVAL	PASS	GFF_FEATURE	REF_CODON	REF_AA	ALT_CODON	ALT_AA
NC_045512.2	3201	G	A	76	3	71	1	0	74	0.012987	77	0.342222	FALSE	cds-YP_009724389.1	TGG	W	TAG	*
NC_045512.2	3201	G	A	76	3	71	1	0	74	0.012987	77	0.342222	FALSE	cds-YP_009725295.1	TGG	W	TAG	*
NC_045512.2	3212	G	A	76	3	71	1	0	74	0.012987	77	0.342222	FALSE	cds-YP_009724389.1	GAT	D	AAT	N
NC_045512.2	3212	G	A	76	3	71	1	0	74	0.012987	77	0.342222	FALSE	cds-YP_009725295.1	GAT	D	AAT	N
NC_045512.2	3214	T	C	76	3	70	1	0	74	0.012987	77	0.342222	FALSE	cds-YP_009724389.1	GAT	D	GAC	D
NC_045512.2	3214	T	C	76	3	70	1	0	74	0.012987	77	0.342222	FALSE	cds-YP_009725295.1	GAT	D	GAC	D
NC_045512.2	3239	G	T	72	1	71	1	0	74	0.0136986	73	0.336406	FALSE	cds-YP_009724389.1	GAC	D	TAC	Y
NC_045512.2	3239	G	T	72	1	71	1	0	74	0.0136986	73	0.336406	FALSE	cds-YP_009725295.1	GAC	D	TAC	Y
NC_045512.2	3248	G	A	72	1	73	1	0	74	0.0136986	73	0.336406	FALSE	cds-YP_009724389.1	GAG	E	AAG	K
NC_045512.2	3248	G	A	72	1	73	1	0	74	0.0136986	73	0.336406	FALSE	cds-YP_009725295.1	GAG	E	AAG	K
NC_045512.2	3267	C	T	0	0	0	73	73	37	1	73	3.40119e-43	TRUE	cds-YP_009724389.1	ACT	T	ATT	I
NC_045512.2	3267	C	T	0	0	0	73	73	37	1	73	3.40119e-43	TRUE	cds-YP_009725295.1	ACT	T	ATT	I
NC_045512.2	4948	T	C	0	0	0	670	23	70	1	670	0	TRUE	cds-YP_009724389.1	TCT	S	TCC	S
NC_045512.2	4948	T	C	0	0	0	670	23	70	1	670	0	TRUE	cds-YP_009725295.1	TCT	S	TCC	S
NC_045512.2	11776	C	-T	30	15	36	2	0	20	0.0666667	30	0.271038	FALSE	NA	NA	NA	NA	NA
NC_045512.2	15440	T	C	240	27	65	3	0	74	0.0123457	243	0.0462871	FALSE	cds-YP_009724389.1	GTC	V	GCC	A
NC_045512.2	18709	T	G	0	0	0	1	0	74	1	1	0.5	FALSE	cds-YP_009724389.1	TAT	Y	GAT	D
NC_045512.2	18710	A	-T	1	0	74	2	0	20	1	2	0.5	FALSE	NA	NA	NA	NA	NA
NC_045512.2	18738	T	A	0	0	0	7	2	58	1	7	3.14228e-05	TRUE	cds-YP_009724389.1	TTT	F	TTA	L
NC_045512.2	27922	T	-C	45	0	74	4	0	20	0.0444444	90	0.0146494	FALSE	NA	NA	NA	NA	NA
NC_045512.2	29059	T	A	0	0	0	2	1	37	1	2	0.333333	FALSE	cds-YP_009724397.2	CGT	R	CGA	R
