"","nasal_FST","saliva_FST","between_FST"
"1",0.0465502955065581,0,0.0465502955065581
"2",0,0,0
"3",0.048496584338889,0,0.048496584338889
"4",0.0465502955065581,0,0
"5",0,0,0.0465502955065581
"6",0.048496584338889,0,0
"7",NA,NA,0.048496584338889
"8",NA,NA,0
"9",NA,NA,0.0465502955065581
"10",NA,NA,0
"11",NA,NA,0.048496584338889
"12",NA,NA,0
"13",NA,NA,0.0465502955065581
"14",NA,NA,0
"15",NA,NA,0.048496584338889
"16",NA,NA,0
