"","nasal_FST","saliva_FST","between_FST"
"1",0.00349823171914252,0,0.030766578527534
"2",0.030766578527534,0,0.0176155354886262
"3",0.0176155354886262,0,0
"4",0.030766578527534,0,0
"5",0.0176155354886262,0,0.030766578527534
"6",0,0,0.0176155354886262
"7",NA,NA,0
"8",NA,NA,0
"9",NA,NA,0.030766578527534
"10",NA,NA,0.0176155354886262
"11",NA,NA,0
"12",NA,NA,0
"13",NA,NA,0.030766578527534
"14",NA,NA,0.0176155354886262
"15",NA,NA,0
"16",NA,NA,0
