"","nasal_FST","saliva_FST","between_FST"
"1",0,0,0.0177053248479753
"2",0,0.0177053248479753,0.0177053248479753
"3",0,0.0244825197926169,0.0177053248479753
"4",0,0.0177053248479753,0.0177053248479753
"5",0,0.0244825197926169,0.0244825197926169
"6",0,0,0.0244825197926169
"7",NA,NA,0.0244825197926169
"8",NA,NA,0.0244825197926169
"9",NA,NA,0
"10",NA,NA,0
"11",NA,NA,0
"12",NA,NA,0
"13",NA,NA,0
"14",NA,NA,0
"15",NA,NA,0
"16",NA,NA,0
