"","nasal_FST","saliva_FST","between_FST"
"1",0,0.0159227606116212,0
"2",0,0.0566440456787232,0
"3",0,0.0223168637534848,0
"4",0,0,0
"5",0,0.0159227606116212,0.0159227606116212
"6",0,0.0566440456787232,0.0159227606116212
"7",NA,NA,0.0159227606116212
"8",NA,NA,0.0159227606116212
"9",NA,NA,0.0566440456787232
"10",NA,NA,0.0566440456787232
"11",NA,NA,0.0566440456787232
"12",NA,NA,0.0566440456787232
"13",NA,NA,0
"14",NA,NA,0
"15",NA,NA,0
"16",NA,NA,0
