"","nasal_FST","saliva_FST","between_FST"
"1",0,0,0.248000079872005
"2",0,0.0167428868706369,0
"3",0,0,0.248000079872005
"4",NA,NA,0
"5",NA,NA,0
"6",NA,NA,0
"7",NA,NA,0.35727107078508
"8",NA,NA,0
"9",NA,NA,0.35727107078508
