"","nasal_FST","saliva_FST","between_FST"
"1",NA,NA,0.248000079872005
"2",0,0.0167428868706369,NA
"3",NA,NA,0.248000079872005
"4",NA,NA,NA
"5",NA,NA,NA
"6",NA,NA,NA
"7",NA,NA,0.35727107078508
"8",NA,NA,NA
"9",NA,NA,0.35727107078508
