"","nasal_FST","saliva_FST","between_FST"
"1",0.0121098240186024,0,0.288287100268666
"2",0.0398358367045791,0.0199102769170229,0.0423543263408382
"3",0.0909563512521428,0.0239540139409829,0.263938351336509
"4",NA,NA,0.278762869024906
"5",NA,NA,0.0248902360505214
"6",NA,NA,0.264597091259461
"7",NA,NA,0.178570895729727
"8",NA,NA,0.0708332777708994
"9",NA,NA,0.149952447521717
